{
    "camera": {
        "fov": 50,
        "position": [
            0.20522119104862213,
            4.103227615356445,
            -0.9040903449058533
        ],
        "target": [
            0.20197517614501656,
            4.103551848100914,
            -0.9114849528009307
        ]
    },
    "background": {
        "color": [
            0.4,
            0.4,
            0.4
        ]
    }
}