{
    "camera": {
        "fov": 101,
        "position": [
            -1.9841595888137817,
            8.622282028198242,
            18.091562271118164
        ],
        "target": [
            -1.9665534554430018,
            8.065615227112872,
            14.72905854066913
        ],
        "startAnim": "none",
        "animTrack": null
    },
    "background": {
        "color": [
            0.4,
            0.4,
            0.4
        ]
    },
    "animTracks": []
}