{
    "camera": {
        "fov": 50,
        "position": [
            0.25343528389930725,
            3.90818190574646,
            4.838925838470459
        ],
        "target": [
            0.12625183684067015,
            4.270521880841089,
            3.2229065654399753
        ]
    },
    "background": {
        "color": [
            0.4,
            0.4,
            0.4
        ]
    }
}