{
    "camera": {
        "fov": 50,
        "position": [
            8.124738693237305,
            13.296545028686523,
            -31.964771270751953
        ],
        "target": [
            -1.4217225299481768,
            2.8513484780167495,
            -2.051754390057546
        ]
    },
    "background": {
        "color": [
            0.4,
            0.4,
            0.4
        ]
    }
}