{
    "camera": {
        "fov": 50,
        "position": [
            -15.943194389343262,
            106.18158721923828,
            112.82196807861328
        ],
        "target": [
            2.718354225158691,
            -2.6385736465454106,
            -1.137314796447754
        ]
    },
    "background": {
        "color": [
            0.4,
            0.4,
            0.4
        ]
    }
}