{
    "camera": {
        "fov": 50,
        "position": [
            -90.39000701904297,
            23.08927345275879,
            1.0975419282913208
        ],
        "target": [
            0.3266947269439709,
            9.524879455566406,
            -1.753345251083374
        ]
    },
    "background": {
        "color": [
            0.4,
            0.4,
            0.4
        ]
    }
}