{
    "camera": {
        "fov": 50,
        "position": [
            15.02418327331543,
            14.167288780212402,
            40.64598846435547
        ],
        "target": [
            -0.5719761907099059,
            0.3725738060185453,
            2.993528276376269
        ]
    },
    "background": {
        "color": [
            0.4,
            0.4,
            0.4
        ]
    }
}