{
    "camera": {
        "fov": 29,
        "position": [
            16.599971771240234,
            6.0597357749938965,
            49.35694885253906
        ],
        "target": [
            -6.469631175261206,
            -1.1745917719538834,
            -18.02384644264862
        ],
        "startAnim": "none",
        "animTrack": null
    },
    "background": {
        "color": [
            0.4,
            0.4,
            0.4
        ]
    },
    "animTracks": []
}