{
    "camera": {
        "fov": 50,
        "position": [
            155.8119659423828,
            21.06373405456543,
            1.6897592544555664
        ],
        "target": [
            -5.29042664157437,
            4.112371473856701,
            -5.907636733196657
        ],
        "startAnim": "none",
        "animTrack": null
    },
    "background": {
        "color": [
            0.4,
            0.4,
            0.4
        ]
    },
    "animTracks": []
}