{
    "camera": {
        "fov": 50,
        "position": [
            71.88803100585938,
            60.77262878417969,
            -433.8797302246094
        ],
        "target": [
            -8.682395543620487,
            13.523363074587053,
            0.8393834116000107
        ]
    },
    "background": {
        "color": [
            0.4,
            0.4,
            0.4
        ]
    }
}