{
    "camera": {
        "fov": 50,
        "position": [
            -10.189672470092773,
            3.9986073970794678,
            -1.3497869968414307
        ],
        "target": [
            0.9280481861440393,
            0.25413322370158165,
            0.4110870009077776
        ]
    },
    "background": {
        "color": [
            0.4,
            0.4,
            0.4
        ]
    }
}